Company Code,Agreement Number,Line item,Status,Purchasing Doc. Type,Flow Type,Description,Posting Date,Amt.in loc.cur.,Local Currency,Amount,Currency,Document Number,Fiscal Year,Fiscal Month,Plant,Processing Status,Reversal Pending,Vendor,Acct Assignment Cat.,Ledger,Created on,Created By,Changed On,Changed by
LEAS,6000000873,1,INIT,ZLA,200,LEASE LIABILITY,01-04-2019,0.00,,"11,41,084.99",USD,,2019,4,LE01,P,X,100220,V,12,13-11-2019,10619968,13-11-2019,10619968
LEAS,6000000873,2,INIT,ZLA,1000,PERIODIC LEASE PAYMENTS,01-04-2019,0.00,,"15,000.00",USD,,2019,4,LE01,P,,100220,V,,13-11-2019,10619968,13-11-2019,10619968
LEAS,6000000873,3,INIT,ZLA,100,RIGHT OF USE ASSET,01-04-2019,0.00,,"11,41,084.99",USD,,2019,4,LE01,P,,100220,V,,13-11-2019,10619968,13-11-2019,10619968
LEAS,6000000873,4,INIT,ZLA,700,AMORTIZATION EXPENSE,30-04-2019,0.00,,"10,565.60",USD,,2019,4,LE01,P,,100220,V,,13-11-2019,10619968,13-11-2019,10619968
LEAS,6000000873,5,INIT,ZLA,700,AMORTIZATION EXPENSE,31-05-2019,0.00,,"10,565.60",USD,,2019,5,LE01,P,,100220,V,,13-11-2019,10619968,13-11-2019,10619968
LEAS,6000000873,6,INIT,ZLA,700,AMORTIZATION EXPENSE,30-06-2019,0.00,,"10,565.60",USD,,2019,6,LE01,P,,100220,V,,13-11-2019,10619968,13-11-2019,10619968
LEAS,6000000873,7,INIT,ZLA,900,ACCRUAL/DEFERRAL,30-04-2019,0.00,,"4,692.02",USD,,2019,4,LE01,P,,100220,V,,13-11-2019,10619968,13-11-2019,10619968
LEAS,6000000873,8,INIT,ZLA,900,ACCRUAL/DEFERRAL,31-05-2019,0.00,,"9,384.04",USD,,2019,5,LE01,P,,100220,V,,13-11-2019,10619968,13-11-2019,10619968
LEAS,6000000873,9,INIT,ZLA,600,INTEREST EXPENSE,30-06-2019,0.00,,"14,076.06",USD,,2019,6,LE01,P,,100220,V,,13-11-2019,10619968,13-11-2019,10619968
LEAS,6000000873,10,INIT,ZLA,1000,PERIODIC LEASE PAYMENTS,01-07-2019,0.00,,"15,000.00",USD,,2019,7,LE01,P,,100220,V,,13-11-2019,10619968,13-11-2019,10619968
LEAS,6000000873,11,INIT,ZLA,700,AMORTIZATION EXPENSE,31-07-2019,0.00,,"10,565.60",USD,,2019,7,LE01,P,,100220,V,,13-11-2019,10619968,13-11-2019,10619968
LEAS,6000000873,12,INIT,ZLA,700,AMORTIZATION EXPENSE,31-08-2019,0.00,,"10,565.60",USD,,2019,8,LE01,P,,100220,V,,13-11-2019,10619968,13-11-2019,10619968
LEAS,6000000873,13,INIT,ZLA,700,AMORTIZATION EXPENSE,30-09-2019,0.00,,"10,565.60",USD,,2019,9,LE01,P,,100220,V,,13-11-2019,10619968,13-11-2019,10619968
LEAS,6000000873,14,INIT,ZLA,900,ACCRUAL/DEFERRAL,31-07-2019,0.00,,"4,688.17",USD,,2019,7,LE01,P,,100220,V,,13-11-2019,10619968,13-11-2019,10619968
LEAS,6000000873,15,INIT,ZLA,900,ACCRUAL/DEFERRAL,31-08-2019,0.00,,"9,376.34",USD,,2019,8,LE01,P,,100220,V,,13-11-2019,10619968,13-11-2019,10619968
LEAS,6000000873,16,INIT,ZLA,600,INTEREST EXPENSE,30-09-2019,0.00,,"14,064.51",USD,,2019,9,LE01,P,,100220,V,,13-11-2019,10619968,13-11-2019,10619968
LEAS,6000000873,17,MODF,ZLA,210,INCREMENTAL LEASE LIABILITY,01-10-2019,0.00,,"29,089.20",USD,,2019,10,LE01,P,,100220,V,,13-11-2019,10619968,13-11-2019,10619968
LEAS,6000000873,18,MODF,ZLA,110,INCREMENTAL RIGHT OF USE ASSET,01-10-2019,0.00,,"29,089.20",USD,,2019,10,LE01,P,,100220,V,,13-11-2019,10619968,13-11-2019,10619968
LEAS,6000000873,19,MODF,ZLA,1000,PERIODIC LEASE PAYMENTS,01-10-2019,0.00,,"20,000.00",USD,,2019,10,LE01,P,,100220,V,,13-11-2019,10619968,13-11-2019,10619968
LEAS,6000000873,20,MODF,ZLA,700,AMORTIZATION EXPENSE,31-10-2019,0.00,,"10,850.79",USD,,2019,10,LE01,P,,100220,V,,13-11-2019,10619968,13-11-2019,10619968
LEAS,6000000873,21,MODF,ZLA,700,AMORTIZATION EXPENSE,30-11-2019,0.00,,"10,850.79",USD,,2019,11,LE01,P,,100220,V,,13-11-2019,10619968,13-11-2019,10619968
LEAS,6000000873,22,MODF,ZLA,700,AMORTIZATION EXPENSE,31-12-2019,0.00,,"10,850.79",USD,,2019,12,LE01,P,,100220,V,,13-11-2019,10619968,13-11-2019,10619968
LEAS,6000000873,23,MODF,ZLA,900,ACCRUAL/DEFERRAL,31-10-2019,0.00,,"4,784.64",USD,,2019,10,LE01,P,,100220,V,,13-11-2019,10619968,13-11-2019,10619968
LEAS,6000000873,24,MODF,ZLA,900,ACCRUAL/DEFERRAL,30-11-2019,0.00,,"9,569.28",USD,,2019,11,LE01,P,,100220,V,,13-11-2019,10619968,13-11-2019,10619968
LEAS,6000000873,25,MODF,ZLA,600,INTEREST EXPENSE,31-12-2019,0.00,,"14,353.93",USD,,2019,12,LE01,P,,100220,V,,13-11-2019,10619968,13-11-2019,10619968
LEAS,6000000873,26,MODF,ZLA,1000,PERIODIC LEASE PAYMENTS,01-01-2020,0.00,,"20,000.00",USD,,2020,1,LE01,P,,100220,V,,13-11-2019,10619968,13-11-2019,10619968
LEAS,6000000873,27,MODF,ZLA,700,AMORTIZATION EXPENSE,31-01-2020,0.00,,"10,850.79",USD,,2020,1,LE01,P,,100220,V,,13-11-2019,10619968,13-11-2019,10619968
LEAS,6000000873,28,MODF,ZLA,700,AMORTIZATION EXPENSE,29-02-2020,0.00,,"10,850.79",USD,,2020,2,LE01,P,,100220,V,,13-11-2019,10619968,13-11-2019,10619968
LEAS,6000000873,29,MODF,ZLA,700,AMORTIZATION EXPENSE,31-03-2020,0.00,,"10,850.79",USD,,2020,3,LE01,P,,100220,V,,13-11-2019,10619968,13-11-2019,10619968
LEAS,6000000873,30,MODF,ZLA,900,ACCRUAL/DEFERRAL,31-01-2020,0.00,,"4,761.12",USD,,2020,1,LE01,P,,100220,V,,13-11-2019,10619968,13-11-2019,10619968
LEAS,6000000873,31,MODF,ZLA,900,ACCRUAL/DEFERRAL,29-02-2020,0.00,,"9,522.24",USD,,2020,2,LE01,P,,100220,V,,13-11-2019,10619968,13-11-2019,10619968
LEAS,6000000873,32,MODF,ZLA,600,INTEREST EXPENSE,31-03-2020,0.00,,"14,283.36",USD,,2020,3,LE01,P,,100220,V,,13-11-2019,10619968,13-11-2019,10619968
LEAS,6000000873,33,MODF,ZLA,1000,PERIODIC LEASE PAYMENTS,01-04-2020,0.00,,"20,000.00",USD,,2020,4,LE01,P,,100220,V,,13-11-2019,10619968,13-11-2019,10619968
LEAS,6000000873,34,MODF,ZLA,700,AMORTIZATION EXPENSE,30-04-2020,0.00,,"10,850.79",USD,,2020,4,LE01,P,,100220,V,,13-11-2019,10619968,13-11-2019,10619968
LEAS,6000000873,35,MODF,ZLA,700,AMORTIZATION EXPENSE,31-05-2020,0.00,,"10,850.79",USD,,2020,5,LE01,P,,100220,V,,13-11-2019,10619968,13-11-2019,10619968
LEAS,6000000873,36,MODF,ZLA,700,AMORTIZATION EXPENSE,30-06-2020,0.00,,"10,850.79",USD,,2020,6,LE01,P,,100220,V,,13-11-2019,10619968,13-11-2019,10619968
LEAS,6000000873,37,MODF,ZLA,900,ACCRUAL/DEFERRAL,30-04-2020,0.00,,"4,737.30",USD,,2020,4,LE01,P,,100220,V,,13-11-2019,10619968,13-11-2019,10619968
LEAS,6000000873,38,MODF,ZLA,900,ACCRUAL/DEFERRAL,31-05-2020,0.00,,"9,474.60",USD,,2020,5,LE01,P,,100220,V,,13-11-2019,10619968,13-11-2019,10619968
LEAS,6000000873,39,MODF,ZLA,600,INTEREST EXPENSE,30-06-2020,0.00,,"14,211.90",USD,,2020,6,LE01,P,,100220,V,,13-11-2019,10619968,13-11-2019,10619968
LEAS,6000000873,40,MODF,ZLA,1000,PERIODIC LEASE PAYMENTS,01-07-2020,0.00,,"20,000.00",USD,,2020,7,LE01,P,,100220,V,,13-11-2019,10619968,13-11-2019,10619968
LEAS,6000000873,41,MODF,ZLA,700,AMORTIZATION EXPENSE,31-07-2020,0.00,,"10,850.79",USD,,2020,7,LE01,P,,100220,V,,13-11-2019,10619968,13-11-2019,10619968
LEAS,6000000873,42,MODF,ZLA,700,AMORTIZATION EXPENSE,31-08-2020,0.00,,"10,850.79",USD,,2020,8,LE01,P,,100220,V,,13-11-2019,10619968,13-11-2019,10619968
LEAS,6000000873,43,MODF,ZLA,700,AMORTIZATION EXPENSE,30-09-2020,0.00,,"10,850.79",USD,,2020,9,LE01,P,,100220,V,,13-11-2019,10619968,13-11-2019,10619968
LEAS,6000000873,44,MODF,ZLA,900,ACCRUAL/DEFERRAL,31-07-2020,0.00,,"4,713.18",USD,,2020,7,LE01,P,,100220,V,,13-11-2019,10619968,13-11-2019,10619968
LEAS,6000000873,45,MODF,ZLA,900,ACCRUAL/DEFERRAL,31-08-2020,0.00,,"9,426.36",USD,,2020,8,LE01,P,,100220,V,,13-11-2019,10619968,13-11-2019,10619968
LEAS,6000000873,46,MODF,ZLA,600,INTEREST EXPENSE,30-09-2020,0.00,,"14,139.55",USD,,2020,9,LE01,P,,100220,V,,13-11-2019,10619968,13-11-2019,10619968
LEAS,6000000873,47,MODF,ZLA,1000,PERIODIC LEASE PAYMENTS,01-10-2020,0.00,,"20,000.00",USD,,2020,10,LE01,P,,100220,V,,13-11-2019,10619968,13-11-2019,10619968
LEAS,6000000873,48,MODF,ZLA,700,AMORTIZATION EXPENSE,31-10-2020,0.00,,"10,850.79",USD,,2020,10,LE01,P,,100220,V,,13-11-2019,10619968,13-11-2019,10619968
LEAS,6000000873,49,MODF,ZLA,700,AMORTIZATION EXPENSE,30-11-2020,0.00,,"10,850.79",USD,,2020,11,LE01,P,,100220,V,,13-11-2019,10619968,13-11-2019,10619968
LEAS,6000000873,50,MODF,ZLA,700,AMORTIZATION EXPENSE,31-12-2020,0.00,,"10,850.79",USD,,2020,12,LE01,P,,100220,V,,13-11-2019,10619968,13-11-2019,10619968
LEAS,6000000873,51,MODF,ZLA,900,ACCRUAL/DEFERRAL,31-10-2020,0.00,,"4,688.76",USD,,2020,10,LE01,P,,100220,V,,13-11-2019,10619968,13-11-2019,10619968
LEAS,6000000873,52,MODF,ZLA,900,ACCRUAL/DEFERRAL,30-11-2020,0.00,,"9,377.52",USD,,2020,11,LE01,P,,100220,V,,13-11-2019,10619968,13-11-2019,10619968
LEAS,6000000873,53,MODF,ZLA,600,INTEREST EXPENSE,31-12-2020,0.00,,"14,066.29",USD,,2020,12,LE01,P,,100220,V,,13-11-2019,10619968,13-11-2019,10619968
LEAS,6000000873,54,MODF,ZLA,1000,PERIODIC LEASE PAYMENTS,01-01-2021,0.00,,"20,000.00",USD,,2021,1,LE01,P,,100220,V,,13-11-2019,10619968,13-11-2019,10619968
LEAS,6000000873,55,MODF,ZLA,700,AMORTIZATION EXPENSE,31-01-2021,0.00,,"10,850.79",USD,,2021,1,LE01,P,,100220,V,,13-11-2019,10619968,13-11-2019,10619968
LEAS,6000000873,56,MODF,ZLA,700,AMORTIZATION EXPENSE,28-02-2021,0.00,,"10,850.79",USD,,2021,2,LE01,P,,100220,V,,13-11-2019,10619968,13-11-2019,10619968
LEAS,6000000873,57,MODF,ZLA,700,AMORTIZATION EXPENSE,31-03-2021,0.00,,"10,850.79",USD,,2021,3,LE01,P,,100220,V,,13-11-2019,10619968,13-11-2019,10619968
LEAS,6000000873,58,MODF,ZLA,900,ACCRUAL/DEFERRAL,31-01-2021,0.00,,"4,664.04",USD,,2021,1,LE01,P,,100220,V,,13-11-2019,10619968,13-11-2019,10619968
LEAS,6000000873,59,MODF,ZLA,900,ACCRUAL/DEFERRAL,28-02-2021,0.00,,"9,328.08",USD,,2021,2,LE01,P,,100220,V,,13-11-2019,10619968,13-11-2019,10619968
LEAS,6000000873,60,MODF,ZLA,600,INTEREST EXPENSE,31-03-2021,0.00,,"13,992.12",USD,,2021,3,LE01,P,,100220,V,,13-11-2019,10619968,13-11-2019,10619968
LEAS,6000000873,61,MODF,ZLA,1000,PERIODIC LEASE PAYMENTS,01-04-2021,0.00,,"30,000.00",USD,,2021,4,LE01,P,,100220,V,,13-11-2019,10619968,13-11-2019,10619968
LEAS,6000000873,62,MODF,ZLA,700,AMORTIZATION EXPENSE,30-04-2021,0.00,,"10,850.79",USD,,2021,4,LE01,P,,100220,V,,13-11-2019,10619968,13-11-2019,10619968
LEAS,6000000873,63,MODF,ZLA,700,AMORTIZATION EXPENSE,31-05-2021,0.00,,"10,850.79",USD,,2021,5,LE01,P,,100220,V,,13-11-2019,10619968,13-11-2019,10619968
LEAS,6000000873,64,MODF,ZLA,700,AMORTIZATION EXPENSE,30-06-2021,0.00,,"10,850.79",USD,,2021,6,LE01,P,,100220,V,,13-11-2019,10619968,13-11-2019,10619968
LEAS,6000000873,65,MODF,ZLA,900,ACCRUAL/DEFERRAL,30-04-2021,0.00,,"4,597.34",USD,,2021,4,LE01,P,,100220,V,,13-11-2019,10619968,13-11-2019,10619968
LEAS,6000000873,66,MODF,ZLA,900,ACCRUAL/DEFERRAL,31-05-2021,0.00,,"9,194.68",USD,,2021,5,LE01,P,,100220,V,,13-11-2019,10619968,13-11-2019,10619968
LEAS,6000000873,67,MODF,ZLA,600,INTEREST EXPENSE,30-06-2021,0.00,,"13,792.02",USD,,2021,6,LE01,P,,100220,V,,13-11-2019,10619968,13-11-2019,10619968
LEAS,6000000873,68,MODF,ZLA,1000,PERIODIC LEASE PAYMENTS,01-07-2021,0.00,,"30,000.00",USD,,2021,7,LE01,P,,100220,V,,13-11-2019,10619968,13-11-2019,10619968
LEAS,6000000873,69,MODF,ZLA,700,AMORTIZATION EXPENSE,31-07-2021,0.00,,"10,850.79",USD,,2021,7,LE01,P,,100220,V,,13-11-2019,10619968,13-11-2019,10619968
LEAS,6000000873,70,MODF,ZLA,700,AMORTIZATION EXPENSE,31-08-2021,0.00,,"10,850.79",USD,,2021,8,LE01,P,,100220,V,,13-11-2019,10619968,13-11-2019,10619968
LEAS,6000000873,71,MODF,ZLA,700,AMORTIZATION EXPENSE,30-09-2021,0.00,,"10,850.79",USD,,2021,9,LE01,P,,100220,V,,13-11-2019,10619968,13-11-2019,10619968
LEAS,6000000873,72,MODF,ZLA,900,ACCRUAL/DEFERRAL,31-07-2021,0.00,,"4,529.81",USD,,2021,7,LE01,P,,100220,V,,13-11-2019,10619968,13-11-2019,10619968
LEAS,6000000873,73,MODF,ZLA,900,ACCRUAL/DEFERRAL,31-08-2021,0.00,,"9,059.62",USD,,2021,8,LE01,P,,100220,V,,13-11-2019,10619968,13-11-2019,10619968
LEAS,6000000873,74,MODF,ZLA,600,INTEREST EXPENSE,30-09-2021,0.00,,"13,589.42",USD,,2021,9,LE01,P,,100220,V,,13-11-2019,10619968,13-11-2019,10619968
LEAS,6000000873,75,MODF,ZLA,1000,PERIODIC LEASE PAYMENTS,01-10-2021,0.00,,"30,000.00",USD,,2021,10,LE01,P,,100220,V,,13-11-2019,10619968,13-11-2019,10619968
LEAS,6000000873,76,MODF,ZLA,700,AMORTIZATION EXPENSE,31-10-2021,0.00,,"10,850.79",USD,,2021,10,LE01,P,,100220,V,,13-11-2019,10619968,13-11-2019,10619968
LEAS,6000000873,77,MODF,ZLA,700,AMORTIZATION EXPENSE,30-11-2021,0.00,,"10,850.79",USD,,2021,11,LE01,P,,100220,V,,13-11-2019,10619968,13-11-2019,10619968
LEAS,6000000873,78,MODF,ZLA,700,AMORTIZATION EXPENSE,31-12-2021,0.00,,"10,850.79",USD,,2021,12,LE01,P,,100220,V,,13-11-2019,10619968,13-11-2019,10619968
LEAS,6000000873,79,MODF,ZLA,900,ACCRUAL/DEFERRAL,31-10-2021,0.00,,"4,461.43",USD,,2021,10,LE01,P,,100220,V,,13-11-2019,10619968,13-11-2019,10619968
LEAS,6000000873,80,MODF,ZLA,900,ACCRUAL/DEFERRAL,30-11-2021,0.00,,"8,922.86",USD,,2021,11,LE01,P,,100220,V,,13-11-2019,10619968,13-11-2019,10619968
LEAS,6000000873,81,MODF,ZLA,600,INTEREST EXPENSE,31-12-2021,0.00,,"13,384.29",USD,,2021,12,LE01,P,,100220,V,,13-11-2019,10619968,13-11-2019,10619968
LEAS,6000000873,82,MODF,ZLA,1000,PERIODIC LEASE PAYMENTS,01-01-2022,0.00,,"30,000.00",USD,,2022,1,LE01,P,,100220,V,,13-11-2019,10619968,13-11-2019,10619968
LEAS,6000000873,83,MODF,ZLA,700,AMORTIZATION EXPENSE,31-01-2022,0.00,,"10,850.79",USD,,2022,1,LE01,P,,100220,V,,13-11-2019,10619968,13-11-2019,10619968
LEAS,6000000873,84,MODF,ZLA,700,AMORTIZATION EXPENSE,28-02-2022,0.00,,"10,850.79",USD,,2022,2,LE01,P,,100220,V,,13-11-2019,10619968,13-11-2019,10619968
LEAS,6000000873,85,MODF,ZLA,700,AMORTIZATION EXPENSE,31-03-2022,0.00,,"10,850.79",USD,,2022,3,LE01,P,,100220,V,,13-11-2019,10619968,13-11-2019,10619968
LEAS,6000000873,86,MODF,ZLA,900,ACCRUAL/DEFERRAL,31-01-2022,0.00,,"4,392.20",USD,,2022,1,LE01,P,,100220,V,,13-11-2019,10619968,13-11-2019,10619968
LEAS,6000000873,87,MODF,ZLA,900,ACCRUAL/DEFERRAL,28-02-2022,0.00,,"8,784.40",USD,,2022,2,LE01,P,,100220,V,,13-11-2019,10619968,13-11-2019,10619968
LEAS,6000000873,88,MODF,ZLA,600,INTEREST EXPENSE,31-03-2022,0.00,,"13,176.60",USD,,2022,3,LE01,P,,100220,V,,13-11-2019,10619968,13-11-2019,10619968
LEAS,6000000873,89,MODF,ZLA,1000,PERIODIC LEASE PAYMENTS,01-04-2022,0.00,,"30,000.00",USD,,2022,4,LE01,P,,100220,V,,13-11-2019,10619968,13-11-2019,10619968
LEAS,6000000873,90,MODF,ZLA,700,AMORTIZATION EXPENSE,30-04-2022,0.00,,"10,850.79",USD,,2022,4,LE01,P,,100220,V,,13-11-2019,10619968,13-11-2019,10619968
LEAS,6000000873,91,MODF,ZLA,700,AMORTIZATION EXPENSE,31-05-2022,0.00,,"10,850.79",USD,,2022,5,LE01,P,,100220,V,,13-11-2019,10619968,13-11-2019,10619968
LEAS,6000000873,92,MODF,ZLA,700,AMORTIZATION EXPENSE,30-06-2022,0.00,,"10,850.79",USD,,2022,6,LE01,P,,100220,V,,13-11-2019,10619968,13-11-2019,10619968
LEAS,6000000873,93,MODF,ZLA,900,ACCRUAL/DEFERRAL,30-04-2022,0.00,,"4,322.10",USD,,2022,4,LE01,P,,100220,V,,13-11-2019,10619968,13-11-2019,10619968
LEAS,6000000873,94,MODF,ZLA,900,ACCRUAL/DEFERRAL,31-05-2022,0.00,,"8,644.20",USD,,2022,5,LE01,P,,100220,V,,13-11-2019,10619968,13-11-2019,10619968
LEAS,6000000873,95,MODF,ZLA,600,INTEREST EXPENSE,30-06-2022,0.00,,"12,966.30",USD,,2022,6,LE01,P,,100220,V,,13-11-2019,10619968,13-11-2019,10619968
LEAS,6000000873,96,MODF,ZLA,1000,PERIODIC LEASE PAYMENTS,01-07-2022,0.00,,"30,000.00",USD,,2022,7,LE01,P,,100220,V,,13-11-2019,10619968,13-11-2019,10619968
LEAS,6000000873,97,MODF,ZLA,700,AMORTIZATION EXPENSE,31-07-2022,0.00,,"10,850.79",USD,,2022,7,LE01,P,,100220,V,,13-11-2019,10619968,13-11-2019,10619968
LEAS,6000000873,98,MODF,ZLA,700,AMORTIZATION EXPENSE,31-08-2022,0.00,,"10,850.79",USD,,2022,8,LE01,P,,100220,V,,13-11-2019,10619968,13-11-2019,10619968
LEAS,6000000873,99,MODF,ZLA,700,AMORTIZATION EXPENSE,30-09-2022,0.00,,"10,850.79",USD,,2022,9,LE01,P,,100220,V,,13-11-2019,10619968,13-11-2019,10619968
LEAS,6000000873,100,MODF,ZLA,900,ACCRUAL/DEFERRAL,31-07-2022,0.00,,"4,251.13",USD,,2022,7,LE01,P,,100220,V,,13-11-2019,10619968,13-11-2019,10619968
LEAS,6000000873,101,MODF,ZLA,900,ACCRUAL/DEFERRAL,31-08-2022,0.00,,"8,502.26",USD,,2022,8,LE01,P,,100220,V,,13-11-2019,10619968,13-11-2019,10619968
LEAS,6000000873,102,MODF,ZLA,600,INTEREST EXPENSE,30-09-2022,0.00,,"12,753.38",USD,,2022,9,LE01,P,,100220,V,,13-11-2019,10619968,13-11-2019,10619968
LEAS,6000000873,103,MODF,ZLA,1000,PERIODIC LEASE PAYMENTS,01-10-2022,0.00,,"30,000.00",USD,,2022,10,LE01,P,,100220,V,,13-11-2019,10619968,13-11-2019,10619968
LEAS,6000000873,104,MODF,ZLA,700,AMORTIZATION EXPENSE,31-10-2022,0.00,,"10,850.79",USD,,2022,10,LE01,P,,100220,V,,13-11-2019,10619968,13-11-2019,10619968
LEAS,6000000873,105,MODF,ZLA,700,AMORTIZATION EXPENSE,30-11-2022,0.00,,"10,850.79",USD,,2022,11,LE01,P,,100220,V,,13-11-2019,10619968,13-11-2019,10619968
LEAS,6000000873,106,MODF,ZLA,700,AMORTIZATION EXPENSE,31-12-2022,0.00,,"10,850.79",USD,,2022,12,LE01,P,,100220,V,,13-11-2019,10619968,13-11-2019,10619968
LEAS,6000000873,107,MODF,ZLA,900,ACCRUAL/DEFERRAL,31-10-2022,0.00,,"4,179.27",USD,,2022,10,LE01,P,,100220,V,,13-11-2019,10619968,13-11-2019,10619968
LEAS,6000000873,108,MODF,ZLA,900,ACCRUAL/DEFERRAL,30-11-2022,0.00,,"8,358.54",USD,,2022,11,LE01,P,,100220,V,,13-11-2019,10619968,13-11-2019,10619968
LEAS,6000000873,109,MODF,ZLA,600,INTEREST EXPENSE,31-12-2022,0.00,,"12,537.80",USD,,2022,12,LE01,P,,100220,V,,13-11-2019,10619968,13-11-2019,10619968
LEAS,6000000873,110,ETRM,ZLA,3100,Gain/Loss from Lease Short Close,01-01-2023,0.00,,"4,42,535.26",USD,,2023,1,LE01,P,,100220,V,,13-11-2019,10619968,13-11-2019,10619968
LEAS,6000000873,111,ETRM,ZLA,210,INCREMENTAL LEASE LIABILITY,01-01-2023,0.00,,"4,09,982.89",USD,,2023,1,LE01,P,,100220,V,,13-11-2019,10619968,13-11-2019,10619968
LEAS,6000000873,112,ETRM,ZLA,110,INCREMENTAL RIGHT OF USE ASSET,01-01-2023,0.00,,"-32,552.37",USD,,2023,1,LE01,P,,100220,V,,13-11-2019,10619968,13-11-2019,10619968
LEAS,6000000873,113,ETRM,ZLA,1000,PERIODIC LEASE PAYMENTS,01-01-2023,0.00,,"80,000.00",USD,,2023,1,LE01,P,,100220,V,,13-11-2019,10619968,13-11-2019,10619968
LEAS,6000000873,114,ETRM,ZLA,700,AMORTIZATION EXPENSE,31-01-2023,0.00,,"10,850.79",USD,,2023,1,LE01,P,,100220,V,,13-11-2019,10619968,13-11-2019,10619968
LEAS,6000000873,115,ETRM,ZLA,700,AMORTIZATION EXPENSE,28-02-2023,0.00,,"10,850.79",USD,,2023,2,LE01,P,,100220,V,,13-11-2019,10619968,13-11-2019,10619968
LEAS,6000000873,116,ETRM,ZLA,700,AMORTIZATION EXPENSE,31-03-2023,0.00,,"10,850.79",USD,,2023,3,LE01,P,,100220,V,,13-11-2019,10619968,13-11-2019,10619968
LEAS,6000000873,117,ETRM,ZLA,900,ACCRUAL/DEFERRAL,31-01-2023,0.00,,"5,606.44",USD,,2023,1,LE01,P,,100220,V,,13-11-2019,10619968,13-11-2019,10619968
LEAS,6000000873,118,ETRM,ZLA,900,ACCRUAL/DEFERRAL,28-02-2023,0.00,,"11,212.88",USD,,2023,2,LE01,P,,100220,V,,13-11-2019,10619968,13-11-2019,10619968
LEAS,6000000873,119,ETRM,ZLA,600,INTEREST EXPENSE,31-03-2023,0.00,,"16,819.31",USD,,2023,3,LE01,P,,100220,V,,13-11-2019,10619968,13-11-2019,10619968
LEAS,6000000873,120,MODF,ZLA,210,INCREMENTAL LEASE LIABILITY,01-04-2023,0.00,,"1,70,295.48",USD,,2023,4,LE01,P,,100220,V,,13-11-2019,10619968,13-11-2019,10619968
LEAS,6000000873,121,MODF,ZLA,110,INCREMENTAL RIGHT OF USE ASSET,01-04-2023,0.00,,"1,70,295.48",USD,,2023,4,LE01,P,,100220,V,,13-11-2019,10619968,13-11-2019,10619968
LEAS,6000000873,122,MODF,ZLA,1000,PERIODIC LEASE PAYMENTS,01-04-2023,0.00,,"90,000.00",USD,,2023,4,LE01,P,,100220,V,,13-11-2019,10619968,13-11-2019,10619968
LEAS,6000000873,123,MODF,ZLA,700,AMORTIZATION EXPENSE,30-04-2023,0.00,,"13,838.43",USD,,2023,4,LE01,P,,100220,V,,13-11-2019,10619968,13-11-2019,10619968
LEAS,6000000873,124,MODF,ZLA,700,AMORTIZATION EXPENSE,31-05-2023,0.00,,"13,838.43",USD,,2023,5,LE01,P,,100220,V,,13-11-2019,10619968,13-11-2019,10619968
LEAS,6000000873,126,MODF,ZLA,700,AMORTIZATION EXPENSE,30-06-2023,0.00,,"13,838.43",USD,,2023,6,LE01,P,,100220,V,,13-11-2019,10619968,13-11-2019,10619968
LEAS,6000000873,127,MODF,ZLA,900,ACCRUAL/DEFERRAL,30-04-2023,0.00,,"6,011.08",USD,,2023,4,LE01,P,,100220,V,,13-11-2019,10619968,13-11-2019,10619968
LEAS,6000000873,128,MODF,ZLA,900,ACCRUAL/DEFERRAL,31-05-2023,0.00,,"12,022.16",USD,,2023,5,LE01,P,,100220,V,,13-11-2019,10619968,13-11-2019,10619968
LEAS,6000000873,129,MODF,ZLA,600,INTEREST EXPENSE,30-06-2023,0.00,,"18,033.24",USD,,2023,6,LE01,P,,100220,V,,13-11-2019,10619968,13-11-2019,10619968
LEAS,6000000873,130,MODF,ZLA,1000,PERIODIC LEASE PAYMENTS,01-07-2023,0.00,,"90,000.00",USD,,2023,7,LE01,P,,100220,V,,13-11-2019,10619968,13-11-2019,10619968
LEAS,6000000873,131,MODF,ZLA,700,AMORTIZATION EXPENSE,31-07-2023,0.00,,"13,838.43",USD,,2023,7,LE01,P,,100220,V,,13-11-2019,10619968,13-11-2019,10619968
LEAS,6000000873,132,MODF,ZLA,700,AMORTIZATION EXPENSE,31-08-2023,0.00,,"13,838.43",USD,,2023,8,LE01,P,,100220,V,,13-11-2019,10619968,13-11-2019,10619968
LEAS,6000000873,134,MODF,ZLA,700,AMORTIZATION EXPENSE,30-09-2023,0.00,,"13,838.43",USD,,2023,9,LE01,P,,100220,V,,13-11-2019,10619968,13-11-2019,10619968
LEAS,6000000873,135,MODF,ZLA,900,ACCRUAL/DEFERRAL,31-07-2023,0.00,,"5,711.22",USD,,2023,7,LE01,P,,100220,V,,13-11-2019,10619968,13-11-2019,10619968
LEAS,6000000873,136,MODF,ZLA,900,ACCRUAL/DEFERRAL,31-08-2023,0.00,,"11,422.44",USD,,2023,8,LE01,P,,100220,V,,13-11-2019,10619968,13-11-2019,10619968
LEAS,6000000873,137,MODF,ZLA,600,INTEREST EXPENSE,30-09-2023,0.00,,"17,133.66",USD,,2023,9,LE01,P,,100220,V,,13-11-2019,10619968,13-11-2019,10619968
LEAS,6000000873,138,MODF,ZLA,1000,PERIODIC LEASE PAYMENTS,01-10-2023,0.00,,"90,000.00",USD,,2023,10,LE01,P,,100220,V,,13-11-2019,10619968,13-11-2019,10619968
LEAS,6000000873,139,MODF,ZLA,700,AMORTIZATION EXPENSE,31-10-2023,0.00,,"13,838.43",USD,,2023,10,LE01,P,,100220,V,,13-11-2019,10619968,13-11-2019,10619968
LEAS,6000000873,140,MODF,ZLA,700,AMORTIZATION EXPENSE,30-11-2023,0.00,,"13,838.43",USD,,2023,11,LE01,P,,100220,V,,13-11-2019,10619968,13-11-2019,10619968
LEAS,6000000873,142,MODF,ZLA,700,AMORTIZATION EXPENSE,31-12-2023,0.00,,"13,838.43",USD,,2023,12,LE01,P,,100220,V,,13-11-2019,10619968,13-11-2019,10619968
LEAS,6000000873,143,MODF,ZLA,900,ACCRUAL/DEFERRAL,31-10-2023,0.00,,"5,407.61",USD,,2023,10,LE01,P,,100220,V,,13-11-2019,10619968,13-11-2019,10619968
LEAS,6000000873,144,MODF,ZLA,900,ACCRUAL/DEFERRAL,30-11-2023,0.00,,"10,815.22",USD,,2023,11,LE01,P,,100220,V,,13-11-2019,10619968,13-11-2019,10619968
LEAS,6000000873,145,MODF,ZLA,600,INTEREST EXPENSE,31-12-2023,0.00,,"16,222.83",USD,,2023,12,LE01,P,,100220,V,,13-11-2019,10619968,13-11-2019,10619968
LEAS,6000000873,146,MODF,ZLA,1000,PERIODIC LEASE PAYMENTS,01-01-2024,0.00,,"90,000.00",USD,,2024,1,LE01,P,,100220,V,,13-11-2019,10619968,13-11-2019,10619968
LEAS,6000000873,147,MODF,ZLA,700,AMORTIZATION EXPENSE,31-01-2024,0.00,,"13,838.43",USD,,2024,1,LE01,P,,100220,V,,13-11-2019,10619968,13-11-2019,10619968
LEAS,6000000873,148,MODF,ZLA,700,AMORTIZATION EXPENSE,29-02-2024,0.00,,"13,838.43",USD,,2024,2,LE01,P,,100220,V,,13-11-2019,10619968,13-11-2019,10619968
LEAS,6000000873,150,MODF,ZLA,700,AMORTIZATION EXPENSE,31-03-2024,0.00,,"13,838.43",USD,,2024,3,LE01,P,,100220,V,,13-11-2019,10619968,13-11-2019,10619968
LEAS,6000000873,151,MODF,ZLA,900,ACCRUAL/DEFERRAL,31-01-2024,0.00,,"5,100.20",USD,,2024,1,LE01,P,,100220,V,,13-11-2019,10619968,13-11-2019,10619968
LEAS,6000000873,152,MODF,ZLA,900,ACCRUAL/DEFERRAL,29-02-2024,0.00,,"10,200.40",USD,,2024,2,LE01,P,,100220,V,,13-11-2019,10619968,13-11-2019,10619968
LEAS,6000000873,153,MODF,ZLA,600,INTEREST EXPENSE,31-03-2024,0.00,,"15,300.61",USD,,2024,3,LE01,P,,100220,V,,13-11-2019,10619968,13-11-2019,10619968
LEAS,6000000873,154,MODF,ZLA,1000,PERIODIC LEASE PAYMENTS,01-04-2024,0.00,,"90,000.00",USD,,2024,4,LE01,P,,100220,V,,13-11-2019,10619968,13-11-2019,10619968
LEAS,6000000873,155,MODF,ZLA,700,AMORTIZATION EXPENSE,30-04-2024,0.00,,"13,838.43",USD,,2024,4,LE01,P,,100220,V,,13-11-2019,10619968,13-11-2019,10619968
LEAS,6000000873,156,MODF,ZLA,700,AMORTIZATION EXPENSE,31-05-2024,0.00,,"13,838.43",USD,,2024,5,LE01,P,,100220,V,,13-11-2019,10619968,13-11-2019,10619968
LEAS,6000000873,158,MODF,ZLA,700,AMORTIZATION EXPENSE,30-06-2024,0.00,,"13,838.43",USD,,2024,6,LE01,P,,100220,V,,13-11-2019,10619968,13-11-2019,10619968
LEAS,6000000873,159,MODF,ZLA,900,ACCRUAL/DEFERRAL,30-04-2024,0.00,,"4,788.96",USD,,2024,4,LE01,P,,100220,V,,13-11-2019,10619968,13-11-2019,10619968
LEAS,6000000873,160,MODF,ZLA,900,ACCRUAL/DEFERRAL,31-05-2024,0.00,,"9,577.92",USD,,2024,5,LE01,P,,100220,V,,13-11-2019,10619968,13-11-2019,10619968
LEAS,6000000873,161,MODF,ZLA,600,INTEREST EXPENSE,30-06-2024,0.00,,"14,366.87",USD,,2024,6,LE01,P,,100220,V,,13-11-2019,10619968,13-11-2019,10619968
LEAS,6000000873,162,MODF,ZLA,1000,PERIODIC LEASE PAYMENTS,01-07-2024,0.00,,"90,000.00",USD,,2024,7,LE01,P,,100220,V,,13-11-2019,10619968,13-11-2019,10619968
LEAS,6000000873,163,MODF,ZLA,700,AMORTIZATION EXPENSE,31-07-2024,0.00,,"13,838.43",USD,,2024,7,LE01,P,,100220,V,,13-11-2019,10619968,13-11-2019,10619968
LEAS,6000000873,164,MODF,ZLA,700,AMORTIZATION EXPENSE,31-08-2024,0.00,,"13,838.43",USD,,2024,8,LE01,P,,100220,V,,13-11-2019,10619968,13-11-2019,10619968
LEAS,6000000873,166,MODF,ZLA,700,AMORTIZATION EXPENSE,30-09-2024,0.00,,"13,838.43",USD,,2024,9,LE01,P,,100220,V,,13-11-2019,10619968,13-11-2019,10619968
LEAS,6000000873,167,MODF,ZLA,900,ACCRUAL/DEFERRAL,31-07-2024,0.00,,"4,473.82",USD,,2024,7,LE01,P,,100220,V,,13-11-2019,10619968,13-11-2019,10619968
LEAS,6000000873,168,MODF,ZLA,900,ACCRUAL/DEFERRAL,31-08-2024,0.00,,"8,947.64",USD,,2024,8,LE01,P,,100220,V,,13-11-2019,10619968,13-11-2019,10619968
LEAS,6000000873,169,MODF,ZLA,600,INTEREST EXPENSE,30-09-2024,0.00,,"13,421.46",USD,,2024,9,LE01,P,,100220,V,,13-11-2019,10619968,13-11-2019,10619968
LEAS,6000000873,170,MODF,ZLA,1000,PERIODIC LEASE PAYMENTS,01-10-2024,0.00,,"90,000.00",USD,,2024,10,LE01,P,,100220,V,,13-11-2019,10619968,13-11-2019,10619968
LEAS,6000000873,171,MODF,ZLA,700,AMORTIZATION EXPENSE,31-10-2024,0.00,,"13,838.43",USD,,2024,10,LE01,P,,100220,V,,13-11-2019,10619968,13-11-2019,10619968
LEAS,6000000873,172,MODF,ZLA,700,AMORTIZATION EXPENSE,30-11-2024,0.00,,"13,838.43",USD,,2024,11,LE01,P,,100220,V,,13-11-2019,10619968,13-11-2019,10619968
LEAS,6000000873,174,MODF,ZLA,700,AMORTIZATION EXPENSE,31-12-2024,0.00,,"13,838.43",USD,,2024,12,LE01,P,,100220,V,,13-11-2019,10619968,13-11-2019,10619968
LEAS,6000000873,175,MODF,ZLA,900,ACCRUAL/DEFERRAL,31-10-2024,0.00,,"4,154.74",USD,,2024,10,LE01,P,,100220,V,,13-11-2019,10619968,13-11-2019,10619968
LEAS,6000000873,176,MODF,ZLA,900,ACCRUAL/DEFERRAL,30-11-2024,0.00,,"8,309.48",USD,,2024,11,LE01,P,,100220,V,,13-11-2019,10619968,13-11-2019,10619968
LEAS,6000000873,177,MODF,ZLA,600,INTEREST EXPENSE,31-12-2024,0.00,,"12,464.23",USD,,2024,12,LE01,P,,100220,V,,13-11-2019,10619968,13-11-2019,10619968
LEAS,6000000873,178,MODF,ZLA,1000,PERIODIC LEASE PAYMENTS,01-01-2025,0.00,,"90,000.00",USD,,2025,1,LE01,P,,100220,V,,13-11-2019,10619968,13-11-2019,10619968
LEAS,6000000873,179,MODF,ZLA,700,AMORTIZATION EXPENSE,31-01-2025,0.00,,"13,838.43",USD,,2025,1,LE01,P,,100220,V,,13-11-2019,10619968,13-11-2019,10619968
LEAS,6000000873,180,MODF,ZLA,700,AMORTIZATION EXPENSE,28-02-2025,0.00,,"13,838.43",USD,,2025,2,LE01,P,,100220,V,,13-11-2019,10619968,13-11-2019,10619968
LEAS,6000000873,182,MODF,ZLA,700,AMORTIZATION EXPENSE,31-03-2025,0.00,,"13,838.43",USD,,2025,3,LE01,P,,100220,V,,13-11-2019,10619968,13-11-2019,10619968
LEAS,6000000873,183,MODF,ZLA,900,ACCRUAL/DEFERRAL,31-01-2025,0.00,,"3,831.68",USD,,2025,1,LE01,P,,100220,V,,13-11-2019,10619968,13-11-2019,10619968
LEAS,6000000873,184,MODF,ZLA,900,ACCRUAL/DEFERRAL,28-02-2025,0.00,,"7,663.36",USD,,2025,2,LE01,P,,100220,V,,13-11-2019,10619968,13-11-2019,10619968
LEAS,6000000873,185,MODF,ZLA,600,INTEREST EXPENSE,31-03-2025,0.00,,"11,495.03",USD,,2025,3,LE01,P,,100220,V,,13-11-2019,10619968,13-11-2019,10619968
LEAS,6000000873,186,MODF,ZLA,1000,PERIODIC LEASE PAYMENTS,01-04-2025,0.00,,"90,000.00",USD,,2025,4,LE01,P,,100220,V,,13-11-2019,10619968,13-11-2019,10619968
LEAS,6000000873,187,MODF,ZLA,700,AMORTIZATION EXPENSE,30-04-2025,0.00,,"13,838.43",USD,,2025,4,LE01,P,,100220,V,,13-11-2019,10619968,13-11-2019,10619968
LEAS,6000000873,188,MODF,ZLA,700,AMORTIZATION EXPENSE,31-05-2025,0.00,,"13,838.43",USD,,2025,5,LE01,P,,100220,V,,13-11-2019,10619968,13-11-2019,10619968
LEAS,6000000873,190,MODF,ZLA,700,AMORTIZATION EXPENSE,30-06-2025,0.00,,"13,838.43",USD,,2025,6,LE01,P,,100220,V,,13-11-2019,10619968,13-11-2019,10619968
LEAS,6000000873,191,MODF,ZLA,900,ACCRUAL/DEFERRAL,30-04-2025,0.00,,"3,504.57",USD,,2025,4,LE01,P,,100220,V,,13-11-2019,10619968,13-11-2019,10619968
LEAS,6000000873,192,MODF,ZLA,900,ACCRUAL/DEFERRAL,31-05-2025,0.00,,"7,009.14",USD,,2025,5,LE01,P,,100220,V,,13-11-2019,10619968,13-11-2019,10619968
LEAS,6000000873,193,MODF,ZLA,600,INTEREST EXPENSE,30-06-2025,0.00,,"10,513.72",USD,,2025,6,LE01,P,,100220,V,,13-11-2019,10619968,13-11-2019,10619968
LEAS,6000000873,194,MODF,ZLA,1000,PERIODIC LEASE PAYMENTS,01-07-2025,0.00,,"90,000.00",USD,,2025,7,LE01,P,,100220,V,,13-11-2019,10619968,13-11-2019,10619968
LEAS,6000000873,195,MODF,ZLA,700,AMORTIZATION EXPENSE,31-07-2025,0.00,,"13,838.43",USD,,2025,7,LE01,P,,100220,V,,13-11-2019,10619968,13-11-2019,10619968
LEAS,6000000873,196,MODF,ZLA,700,AMORTIZATION EXPENSE,31-08-2025,0.00,,"13,838.43",USD,,2025,8,LE01,P,,100220,V,,13-11-2019,10619968,13-11-2019,10619968
LEAS,6000000873,198,MODF,ZLA,700,AMORTIZATION EXPENSE,30-09-2025,0.00,,"13,838.43",USD,,2025,9,LE01,P,,100220,V,,13-11-2019,10619968,13-11-2019,10619968
LEAS,6000000873,199,MODF,ZLA,900,ACCRUAL/DEFERRAL,31-07-2025,0.00,,"3,173.38",USD,,2025,7,LE01,P,,100220,V,,13-11-2019,10619968,13-11-2019,10619968
LEAS,6000000873,200,MODF,ZLA,900,ACCRUAL/DEFERRAL,31-08-2025,0.00,,"6,346.76",USD,,2025,8,LE01,P,,100220,V,,13-11-2019,10619968,13-11-2019,10619968
LEAS,6000000873,201,MODF,ZLA,600,INTEREST EXPENSE,30-09-2025,0.00,,"9,520.14",USD,,2025,9,LE01,P,,100220,V,,13-11-2019,10619968,13-11-2019,10619968
LEAS,6000000873,202,MODF,ZLA,1000,PERIODIC LEASE PAYMENTS,01-10-2025,0.00,,"90,000.00",USD,,2025,10,LE01,P,,100220,V,,13-11-2019,10619968,13-11-2019,10619968
LEAS,6000000873,203,MODF,ZLA,700,AMORTIZATION EXPENSE,31-10-2025,0.00,,"13,838.43",USD,,2025,10,LE01,P,,100220,V,,13-11-2019,10619968,13-11-2019,10619968
LEAS,6000000873,204,MODF,ZLA,700,AMORTIZATION EXPENSE,30-11-2025,0.00,,"13,838.43",USD,,2025,11,LE01,P,,100220,V,,13-11-2019,10619968,13-11-2019,10619968
LEAS,6000000873,206,MODF,ZLA,700,AMORTIZATION EXPENSE,31-12-2025,0.00,,"13,838.43",USD,,2025,12,LE01,P,,100220,V,,13-11-2019,10619968,13-11-2019,10619968
LEAS,6000000873,207,MODF,ZLA,900,ACCRUAL/DEFERRAL,31-10-2025,0.00,,"2,838.05",USD,,2025,10,LE01,P,,100220,V,,13-11-2019,10619968,13-11-2019,10619968
LEAS,6000000873,208,MODF,ZLA,900,ACCRUAL/DEFERRAL,30-11-2025,0.00,,"5,676.10",USD,,2025,11,LE01,P,,100220,V,,13-11-2019,10619968,13-11-2019,10619968
LEAS,6000000873,209,MODF,ZLA,600,INTEREST EXPENSE,31-12-2025,0.00,,"8,514.14",USD,,2025,12,LE01,P,,100220,V,,13-11-2019,10619968,13-11-2019,10619968
LEAS,6000000873,210,MODF,ZLA,1000,PERIODIC LEASE PAYMENTS,01-01-2026,0.00,,"90,000.00",USD,,2026,1,LE01,P,,100220,V,,13-11-2019,10619968,13-11-2019,10619968
LEAS,6000000873,211,MODF,ZLA,700,AMORTIZATION EXPENSE,31-01-2026,0.00,,"13,838.43",USD,,2026,1,LE01,P,,100220,V,,13-11-2019,10619968,13-11-2019,10619968
LEAS,6000000873,212,MODF,ZLA,700,AMORTIZATION EXPENSE,28-02-2026,0.00,,"13,838.43",USD,,2026,2,LE01,P,,100220,V,,13-11-2019,10619968,13-11-2019,10619968
LEAS,6000000873,214,MODF,ZLA,700,AMORTIZATION EXPENSE,31-03-2026,0.00,,"13,838.43",USD,,2026,3,LE01,P,,100220,V,,13-11-2019,10619968,13-11-2019,10619968
LEAS,6000000873,215,MODF,ZLA,900,ACCRUAL/DEFERRAL,31-01-2026,0.00,,"2,498.52",USD,,2026,1,LE01,P,,100220,V,,13-11-2019,10619968,13-11-2019,10619968
LEAS,6000000873,216,MODF,ZLA,900,ACCRUAL/DEFERRAL,28-02-2026,0.00,,"4,997.04",USD,,2026,2,LE01,P,,100220,V,,13-11-2019,10619968,13-11-2019,10619968
LEAS,6000000873,217,MODF,ZLA,600,INTEREST EXPENSE,31-03-2026,0.00,,"7,495.57",USD,,2026,3,LE01,P,,100220,V,,13-11-2019,10619968,13-11-2019,10619968
LEAS,6000000873,218,MODF,ZLA,1000,PERIODIC LEASE PAYMENTS,01-04-2026,0.00,,"90,000.00",USD,,2026,4,LE01,P,,100220,V,,13-11-2019,10619968,13-11-2019,10619968
LEAS,6000000873,219,MODF,ZLA,700,AMORTIZATION EXPENSE,30-04-2026,0.00,,"13,838.43",USD,,2026,4,LE01,P,,100220,V,,13-11-2019,10619968,13-11-2019,10619968
LEAS,6000000873,220,MODF,ZLA,700,AMORTIZATION EXPENSE,31-05-2026,0.00,,"13,838.43",USD,,2026,5,LE01,P,,100220,V,,13-11-2019,10619968,13-11-2019,10619968
LEAS,6000000873,222,MODF,ZLA,700,AMORTIZATION EXPENSE,30-06-2026,0.00,,"13,838.43",USD,,2026,6,LE01,P,,100220,V,,13-11-2019,10619968,13-11-2019,10619968
LEAS,6000000873,223,MODF,ZLA,900,ACCRUAL/DEFERRAL,30-04-2026,0.00,,"2,154.75",USD,,2026,4,LE01,P,,100220,V,,13-11-2019,10619968,13-11-2019,10619968
LEAS,6000000873,224,MODF,ZLA,900,ACCRUAL/DEFERRAL,31-05-2026,0.00,,"4,309.50",USD,,2026,5,LE01,P,,100220,V,,13-11-2019,10619968,13-11-2019,10619968
LEAS,6000000873,225,MODF,ZLA,600,INTEREST EXPENSE,30-06-2026,0.00,,"6,464.26",USD,,2026,6,LE01,P,,100220,V,,13-11-2019,10619968,13-11-2019,10619968
LEAS,6000000873,226,MODF,ZLA,1000,PERIODIC LEASE PAYMENTS,01-07-2026,0.00,,"90,000.00",USD,,2026,7,LE01,P,,100220,V,,13-11-2019,10619968,13-11-2019,10619968
LEAS,6000000873,227,MODF,ZLA,700,AMORTIZATION EXPENSE,31-07-2026,0.00,,"13,838.43",USD,,2026,7,LE01,P,,100220,V,,13-11-2019,10619968,13-11-2019,10619968
LEAS,6000000873,228,MODF,ZLA,700,AMORTIZATION EXPENSE,31-08-2026,0.00,,"13,838.43",USD,,2026,8,LE01,P,,100220,V,,13-11-2019,10619968,13-11-2019,10619968
LEAS,6000000873,230,MODF,ZLA,700,AMORTIZATION EXPENSE,30-09-2026,0.00,,"13,838.43",USD,,2026,9,LE01,P,,100220,V,,13-11-2019,10619968,13-11-2019,10619968
LEAS,6000000873,231,MODF,ZLA,900,ACCRUAL/DEFERRAL,31-07-2026,0.00,,"1,806.69",USD,,2026,7,LE01,P,,100220,V,,13-11-2019,10619968,13-11-2019,10619968
LEAS,6000000873,232,MODF,ZLA,900,ACCRUAL/DEFERRAL,31-08-2026,0.00,,"3,613.38",USD,,2026,8,LE01,P,,100220,V,,13-11-2019,10619968,13-11-2019,10619968
LEAS,6000000873,233,MODF,ZLA,600,INTEREST EXPENSE,30-09-2026,0.00,,"5,420.06",USD,,2026,9,LE01,P,,100220,V,,13-11-2019,10619968,13-11-2019,10619968
LEAS,6000000873,234,MODF,ZLA,1000,PERIODIC LEASE PAYMENTS,01-10-2026,0.00,,"90,000.00",USD,,2026,10,LE01,P,,100220,V,,13-11-2019,10619968,13-11-2019,10619968
LEAS,6000000873,235,MODF,ZLA,700,AMORTIZATION EXPENSE,31-10-2026,0.00,,"13,838.43",USD,,2026,10,LE01,P,,100220,V,,13-11-2019,10619968,13-11-2019,10619968
LEAS,6000000873,236,MODF,ZLA,700,AMORTIZATION EXPENSE,30-11-2026,0.00,,"13,838.43",USD,,2026,11,LE01,P,,100220,V,,13-11-2019,10619968,13-11-2019,10619968
LEAS,6000000873,238,MODF,ZLA,700,AMORTIZATION EXPENSE,31-12-2026,0.00,,"13,838.43",USD,,2026,12,LE01,P,,100220,V,,13-11-2019,10619968,13-11-2019,10619968
LEAS,6000000873,239,MODF,ZLA,900,ACCRUAL/DEFERRAL,31-10-2026,0.00,,"1,454.27",USD,,2026,10,LE01,P,,100220,V,,13-11-2019,10619968,13-11-2019,10619968
LEAS,6000000873,240,MODF,ZLA,900,ACCRUAL/DEFERRAL,30-11-2026,0.00,,"2,908.54",USD,,2026,11,LE01,P,,100220,V,,13-11-2019,10619968,13-11-2019,10619968
LEAS,6000000873,241,MODF,ZLA,600,INTEREST EXPENSE,31-12-2026,0.00,,"4,362.82",USD,,2026,12,LE01,P,,100220,V,,13-11-2019,10619968,13-11-2019,10619968
LEAS,6000000873,242,MODF,ZLA,1000,PERIODIC LEASE PAYMENTS,01-01-2027,0.00,,"90,000.00",USD,,2027,1,LE01,P,,100220,V,,13-11-2019,10619968,13-11-2019,10619968
LEAS,6000000873,243,MODF,ZLA,700,AMORTIZATION EXPENSE,31-01-2027,0.00,,"13,838.43",USD,,2027,1,LE01,P,,100220,V,,13-11-2019,10619968,13-11-2019,10619968
LEAS,6000000873,244,MODF,ZLA,700,AMORTIZATION EXPENSE,28-02-2027,0.00,,"13,838.43",USD,,2027,2,LE01,P,,100220,V,,13-11-2019,10619968,13-11-2019,10619968
LEAS,6000000873,246,MODF,ZLA,700,AMORTIZATION EXPENSE,31-03-2027,0.00,,"13,838.43",USD,,2027,3,LE01,P,,100220,V,,13-11-2019,10619968,13-11-2019,10619968
LEAS,6000000873,247,MODF,ZLA,900,ACCRUAL/DEFERRAL,31-01-2027,0.00,,"1,097.45",USD,,2027,1,LE01,P,,100220,V,,13-11-2019,10619968,13-11-2019,10619968
LEAS,6000000873,248,MODF,ZLA,900,ACCRUAL/DEFERRAL,28-02-2027,0.00,,"2,194.90",USD,,2027,2,LE01,P,,100220,V,,13-11-2019,10619968,13-11-2019,10619968
LEAS,6000000873,249,MODF,ZLA,600,INTEREST EXPENSE,31-03-2027,0.00,,"3,292.35",USD,,2027,3,LE01,P,,100220,V,,13-11-2019,10619968,13-11-2019,10619968
LEAS,6000000873,250,MODF,ZLA,1000,PERIODIC LEASE PAYMENTS,01-04-2027,0.00,,"90,000.00",USD,,2027,4,LE01,P,,100220,V,,13-11-2019,10619968,13-11-2019,10619968
LEAS,6000000873,251,MODF,ZLA,700,AMORTIZATION EXPENSE,30-04-2027,0.00,,"13,838.43",USD,,2027,4,LE01,P,,100220,V,,13-11-2019,10619968,13-11-2019,10619968
LEAS,6000000873,252,MODF,ZLA,700,AMORTIZATION EXPENSE,31-05-2027,0.00,,"13,838.43",USD,,2027,5,LE01,P,,100220,V,,13-11-2019,10619968,13-11-2019,10619968
LEAS,6000000873,254,MODF,ZLA,700,AMORTIZATION EXPENSE,30-06-2027,0.00,,"13,838.43",USD,,2027,6,LE01,P,,100220,V,,13-11-2019,10619968,13-11-2019,10619968
LEAS,6000000873,255,MODF,ZLA,900,ACCRUAL/DEFERRAL,30-04-2027,0.00,,736.17,USD,,2027,4,LE01,P,,100220,V,,13-11-2019,10619968,13-11-2019,10619968
LEAS,6000000873,256,MODF,ZLA,900,ACCRUAL/DEFERRAL,31-05-2027,0.00,,"1,472.34",USD,,2027,5,LE01,P,,100220,V,,13-11-2019,10619968,13-11-2019,10619968
LEAS,6000000873,257,MODF,ZLA,600,INTEREST EXPENSE,30-06-2027,0.00,,"2,208.50",USD,,2027,6,LE01,P,,100220,V,,13-11-2019,10619968,13-11-2019,10619968
LEAS,6000000873,258,MODF,ZLA,1000,PERIODIC LEASE PAYMENTS,01-07-2027,0.00,,"90,000.00",USD,,2027,7,LE01,P,,100220,V,,13-11-2019,10619968,13-11-2019,10619968
LEAS,6000000873,259,MODF,ZLA,700,AMORTIZATION EXPENSE,31-07-2027,0.00,,"13,838.43",USD,,2027,7,LE01,P,,100220,V,,13-11-2019,10619968,13-11-2019,10619968
LEAS,6000000873,260,MODF,ZLA,700,AMORTIZATION EXPENSE,31-08-2027,0.00,,"13,838.43",USD,,2027,8,LE01,P,,100220,V,,13-11-2019,10619968,13-11-2019,10619968
LEAS,6000000873,262,MODF,ZLA,700,AMORTIZATION EXPENSE,30-09-2027,0.00,,"13,838.43",USD,,2027,9,LE01,P,,100220,V,,13-11-2019,10619968,13-11-2019,10619968
LEAS,6000000873,263,MODF,ZLA,900,ACCRUAL/DEFERRAL,31-07-2027,0.00,,370.37,USD,,2027,7,LE01,P,,100220,V,,13-11-2019,10619968,13-11-2019,10619968
LEAS,6000000873,264,MODF,ZLA,900,ACCRUAL/DEFERRAL,31-08-2027,0.00,,740.74,USD,,2027,8,LE01,P,,100220,V,,13-11-2019,10619968,13-11-2019,10619968
LEAS,6000000873,265,MODF,ZLA,600,INTEREST EXPENSE,30-09-2027,0.00,,"1,111.11",USD,,2027,9,LE01,P,,100220,V,,13-11-2019,10619968,13-11-2019,10619968
LEAS,6000000873,266,MODF,ZLA,1000,PERIODIC LEASE PAYMENTS,01-10-2027,0.00,,"90,000.00",USD,,2027,10,LE01,P,,100220,V,,13-11-2019,10619968,13-11-2019,10619968
LEAS,6000000873,267,MODF,ZLA,700,AMORTIZATION EXPENSE,31-10-2027,0.00,,"13,838.43",USD,,2027,10,LE01,P,,100220,V,,13-11-2019,10619968,13-11-2019,10619968
LEAS,6000000873,268,MODF,ZLA,700,AMORTIZATION EXPENSE,30-11-2027,0.00,,"13,838.43",USD,,2027,11,LE01,P,,100220,V,,13-11-2019,10619968,13-11-2019,10619968
LEAS,6000000873,270,MODF,ZLA,700,AMORTIZATION EXPENSE,31-12-2027,0.00,,"13,838.43",USD,,2027,12,LE01,P,,100220,V,,13-11-2019,10619968,13-11-2019,10619968
